instrument,midi,note,centroid_median_hz,n_notes
violin,55,G3,1263.4,28
violin,56,G#3,1241.9,26
violin,57,A3,1284.8,19
violin,58,A#3,1133.2,21
violin,59,B3,1305.0,22
violin,60,C4,1287.9,20
violin,61,C#4,1335.7,24
violin,62,D4,1480.5,25
violin,63,D#4,1431.9,22
violin,64,E4,1498.3,21
violin,65,F4,1560.2,23
violin,66,F#4,1518.4,26
violin,67,G4,1753.0,25
violin,68,G#4,1438.3,23
violin,69,A4,1585.2,25
violin,70,A#4,1496.4,28
violin,71,B4,1933.0,29
violin,72,C5,1648.6,26
violin,73,C#5,1847.6,23
violin,74,D5,1752.7,23
violin,75,D#5,2232.2,29
violin,76,E5,2369.7,32
violin,77,F5,2535.6,30
violin,78,F#5,2427.1,28
violin,79,G5,2529.8,25
violin,80,G#5,2499.3,29
violin,81,A5,2405.2,26
violin,82,A#5,2510.0,27
violin,83,B5,2528.3,30
violin,84,C6,2460.6,23
violin,85,C#6,2693.4,25
violin,86,D6,2950.1,27
violin,87,D#6,2813.5,21
violin,88,E6,2885.4,20
violin,89,F6,2930.6,17
violin,90,F#6,2842.5,19
violin,91,G6,3017.3,25
violin,92,G#6,3492.3,19
violin,93,A6,3579.4,23
violin,94,A#6,3175.2,17
violin,95,B6,3057.1,21
violin,96,C7,3361.1,15
violin,97,C#7,3115.2,17
violin,98,D7,3295.7,18
violin,99,D#7,3350.5,17
violin,100,E7,3208.8,18
violin,101,F7,3350.0,18
violin,102,F#7,3162.1,19
violin,103,G7,3517.8,19
violin,105,A7,3771.2,3
viola,48,C3,919.2,15
viola,49,C#3,1032.7,19
viola,50,D3,1100.4,17
viola,51,D#3,1181.1,21
viola,52,E3,1122.9,18
viola,53,F3,1165.0,18
viola,54,F#3,1168.6,17
viola,55,G3,1087.3,23
viola,56,G#3,1037.4,24
viola,57,A3,1081.2,23
viola,58,A#3,856.6,23
viola,59,B3,907.5,22
viola,60,C4,1084.6,21
viola,61,C#4,1344.5,24
viola,62,D4,1456.5,22
viola,63,D#4,1457.0,24
viola,64,E4,1379.2,26
viola,65,F4,1325.5,24
viola,66,F#4,1396.4,22
viola,67,G4,1695.8,24
viola,68,G#4,1667.0,22
viola,69,A4,1658.1,31
viola,70,A#4,1612.4,24
viola,71,B4,1827.6,28
viola,72,C5,1929.4,23
viola,73,C#5,1894.7,22
viola,74,D5,1965.1,23
viola,75,D#5,1916.3,23
viola,76,E5,2100.2,26
viola,77,F5,1799.3,22
viola,78,F#5,1724.4,26
viola,79,G5,1882.1,21
viola,80,G#5,2064.4,19
viola,81,A5,2004.5,17
viola,82,A#5,2177.9,21
viola,83,B5,2323.5,20
viola,84,C6,2439.5,19
viola,85,C#6,2359.9,20
viola,86,D6,2327.6,14
viola,87,D#6,2205.1,16
viola,88,E6,2480.2,13
viola,89,F6,2188.2,15
viola,90,F#6,2343.6,12
viola,91,G6,2405.3,15
viola,92,G#6,2301.6,15
viola,93,A6,2679.2,12
viola,94,A#6,2666.0,13
viola,95,B6,2659.3,12
viola,96,C7,2457.3,14
viola,97,C#7,2530.6,4
cello,36,C2,554.0,19
cello,37,C#2,585.4,20
cello,38,D2,660.9,19
cello,39,D#2,571.5,21
cello,40,E2,526.4,20
cello,41,F2,544.8,18
cello,42,F#2,560.2,22
cello,43,G2,523.4,23
cello,44,G#2,612.4,23
cello,45,A2,681.9,22
cello,46,A#2,677.8,24
cello,47,B2,795.6,22
cello,48,C3,759.0,22
cello,49,C#3,749.8,23
cello,50,D3,694.3,26
cello,51,D#3,733.9,24
cello,52,E3,784.3,21
cello,53,F3,643.7,24
cello,54,F#3,829.0,28
cello,55,G3,951.0,21
cello,56,G#3,769.2,22
cello,57,A3,1042.3,25
cello,58,A#3,1263.1,27
cello,59,B3,1300.7,24
cello,60,C4,1198.5,26
cello,61,C#4,1210.1,27
cello,62,D4,1222.3,24
cello,63,D#4,1047.8,25
cello,64,E4,1323.3,24
cello,65,F4,1188.4,25
cello,66,F#4,1370.5,24
cello,67,G4,1501.6,22
cello,68,G#4,1521.7,20
cello,69,A4,1473.8,20
cello,70,A#4,1353.6,21
cello,71,B4,1373.7,21
cello,72,C5,1594.2,22
cello,73,C#5,1595.0,21
cello,74,D5,1981.7,18
cello,75,D#5,1577.3,17
cello,76,E5,1962.8,18
cello,77,F5,1861.7,16
cello,78,F#5,1879.5,17
cello,79,G5,1985.0,18
cello,80,G#5,1968.2,19
cello,81,A5,1871.9,16
cello,82,A#5,1994.2,16
cello,83,B5,2001.6,15
cello,84,C6,2356.4,15
double-bass,24,C1,296.0,4
double-bass,25,C#1,363.9,5
double-bass,26,D1,387.9,4
double-bass,27,D#1,576.5,5
double-bass,28,E1,535.6,21
double-bass,29,F1,546.7,23
double-bass,30,F#1,521.5,22
double-bass,31,G1,448.0,22
double-bass,32,G#1,459.6,22
double-bass,33,A1,459.1,24
double-bass,34,A#1,471.8,25
double-bass,35,B1,501.2,23
double-bass,36,C2,408.4,22
double-bass,37,C#2,515.7,24
double-bass,38,D2,511.9,28
double-bass,39,D#2,612.5,26
double-bass,40,E2,669.6,27
double-bass,41,F2,631.6,29
double-bass,42,F#2,623.8,27
double-bass,43,G2,569.7,31
double-bass,44,G#2,528.2,29
double-bass,45,A2,686.2,29
double-bass,46,A#2,904.3,30
double-bass,47,B2,911.5,28
double-bass,48,C3,847.6,28
double-bass,49,C#3,925.3,28
double-bass,50,D3,859.3,30
double-bass,51,D#3,999.4,27
double-bass,52,E3,1162.5,29
double-bass,53,F3,1164.2,26
double-bass,54,F#3,1092.7,29
double-bass,55,G3,861.2,29
double-bass,56,G#3,1038.6,28
double-bass,57,A3,1216.7,28
double-bass,58,A#3,1170.4,25
double-bass,59,B3,1175.3,22
double-bass,60,C4,983.2,23
double-bass,61,C#4,1569.3,23
double-bass,62,D4,1059.8,24
double-bass,63,D#4,980.8,21
double-bass,64,E4,1263.9,20
double-bass,65,F4,1171.8,18
double-bass,66,F#4,1275.3,21
double-bass,67,G4,1199.0,21
guitar,40,E2,530.6,5
guitar,41,F2,521.0,5
guitar,42,F#2,398.7,5
guitar,43,G2,436.5,5
guitar,44,G#2,454.1,5
guitar,45,A2,570.4,8
guitar,46,A#2,563.4,8
guitar,47,B2,508.4,8
guitar,48,C3,601.5,8
guitar,49,C#3,726.9,8
guitar,50,D3,579.0,10
guitar,51,D#3,601.1,11
guitar,52,E3,626.6,13
guitar,53,F3,558.5,11
guitar,54,F#3,514.4,11
guitar,55,G3,647.0,15
guitar,56,G#3,691.8,14
guitar,57,A3,723.0,15
guitar,58,A#3,723.9,14
guitar,59,B3,634.8,17
guitar,60,C4,704.1,14
guitar,61,C#4,658.6,13
guitar,62,D4,720.6,16
guitar,63,D#4,850.7,15
guitar,64,E4,815.0,18
guitar,65,F4,783.0,14
guitar,66,F#4,788.3,15
guitar,67,G4,853.9,16
guitar,68,G#4,971.7,14
guitar,69,A4,1071.4,11
guitar,70,A#4,1023.7,9
guitar,71,B4,971.4,13
guitar,72,C5,1115.3,10
guitar,73,C#5,1218.5,9
guitar,74,D5,1058.7,10
guitar,75,D#5,1230.3,7
guitar,76,E5,1266.4,10
guitar,77,F5,1493.5,6
guitar,78,F#5,1489.4,7
guitar,79,G5,1466.4,6
guitar,80,G#5,1513.0,3
guitar,81,A5,1656.4,3
guitar,82,A#5,1748.8,3
guitar,83,B5,1455.9,4
