feature,eta2_instrument,eta2_violin_viola,eta2_cello_bass,abs_rho_pitch,eta2_source_within,eta2_guitar_vs_bowed
log2 F0 (danh nghĩa),0.444,0.07,0.194,1.0,0.0,0.002
log10 centroid,0.48,0.122,0.115,0.82,0.065,0.067
log10 bandwidth,0.244,0.149,0.027,0.66,0.091,0.017
log10 rolloff,0.455,0.129,0.098,0.8,0.05,0.076
ZCR,0.413,0.066,0.272,0.7,0.104,0.044
RMS-CV,0.146,0.027,0.0,0.14,0.212,0.127
log10 flatness,0.225,0.03,0.0,0.51,0.048,0.076
MFCC c1 mean,0.388,0.189,0.036,0.78,0.023,0.011
MFCC c2 mean,0.412,0.067,0.231,0.25,0.515,0.149
MFCC c3 mean,0.095,0.033,0.171,0.35,0.219,0.002
MFCC c4 mean,0.507,0.178,0.127,0.37,0.174,0.029
MFCC c5 mean,0.487,0.039,0.661,0.38,0.259,0.018
MFCC c6 mean,0.337,0.029,0.53,0.09,0.349,0.061
MFCC c7 mean,0.068,0.041,0.151,0.28,0.114,0.0
MFCC c8 mean,0.007,0.0,0.012,0.14,0.059,0.0
MFCC c9 mean,0.088,0.079,0.131,0.31,0.039,0.0
MFCC c10 mean,0.103,0.081,0.085,0.24,0.097,0.012
MFCC c11 mean,0.037,0.011,0.019,0.27,0.062,0.007
MFCC c12 mean,0.114,0.073,0.0,0.18,0.119,0.01
MFCC c13 mean,0.162,0.155,0.011,0.15,0.09,0.004
MFCC c1 std,0.014,0.008,0.001,0.3,0.182,0.001
MFCC c2 std,0.042,0.041,0.026,0.34,0.22,0.007
MFCC c3 std,0.12,0.006,0.042,0.18,0.152,0.062
MFCC c4 std,0.133,0.092,0.093,0.04,0.21,0.019
MFCC c5 std,0.026,0.001,0.055,0.1,0.152,0.001
MFCC c6 std,0.038,0.031,0.0,0.14,0.166,0.009
MFCC c7 std,0.011,0.012,0.006,0.18,0.122,0.0
MFCC c8 std,0.048,0.003,0.01,0.26,0.151,0.001
MFCC c9 std,0.081,0.013,0.051,0.27,0.107,0.001
MFCC c10 std,0.098,0.037,0.029,0.32,0.123,0.003
MFCC c11 std,0.082,0.02,0.001,0.38,0.139,0.005
MFCC c12 std,0.039,0.007,0.003,0.44,0.107,0.0
MFCC c13 std,0.053,0.003,0.041,0.38,0.114,0.0
