component,explained_ratio,cumulative
1,0.2417,0.2417
2,0.186,0.4277
3,0.0786,0.5063
4,0.0601,0.5665
5,0.0511,0.6176
6,0.0357,0.6532
7,0.0322,0.6854
8,0.0294,0.7149
9,0.0253,0.7402
10,0.0228,0.763
11,0.0219,0.7849
12,0.0202,0.8052
13,0.0193,0.8245
14,0.0177,0.8422
15,0.0169,0.8591
16,0.0166,0.8757
17,0.0159,0.8916
18,0.0142,0.9058
19,0.0139,0.9197
20,0.0133,0.933
21,0.0119,0.9449
22,0.0106,0.9555
23,0.0105,0.966
24,0.0084,0.9744
25,0.0076,0.982
26,0.005,0.9869
27,0.0043,0.9912
28,0.0036,0.9948
29,0.0023,0.9971
30,0.0018,0.9989
31,0.0009,0.9998
32,0.0002,1.0
